language,N,block,status,warmup_calls,run,elapsed_ms,prime_count,batch_size
C++,100000,1,superseded,5,1,0.038833,9592,1
C++,100000,1,superseded,5,2,0.038041,9592,1
C++,100000,1,superseded,5,3,0.037917,9592,1
C++,100000,1,superseded,5,4,0.037917,9592,1
C++,100000,1,superseded,5,5,0.038,9592,1
C++,100000,1,superseded,5,6,0.038084,9592,1
C++,100000,1,superseded,5,7,0.037875,9592,1
C++,100000,1,superseded,5,8,0.037916,9592,1
C++,100000,1,superseded,5,9,0.037875,9592,1
C++,100000,1,superseded,5,10,0.039041,9592,1
C++,1000000,1,superseded,5,1,0.694208,78498,1
C++,1000000,1,superseded,5,2,0.704792,78498,1
C++,1000000,1,superseded,5,3,0.69225,78498,1
C++,1000000,1,superseded,5,4,0.692709,78498,1
C++,1000000,1,superseded,5,5,0.692125,78498,1
C++,1000000,1,superseded,5,6,0.731166,78498,1
C++,1000000,1,superseded,5,7,0.793833,78498,1
C++,1000000,1,superseded,5,8,0.727167,78498,1
C++,1000000,1,superseded,5,9,0.742791,78498,1
C++,1000000,1,superseded,5,10,0.869167,78498,1
C++,10000000,1,superseded,5,1,11.3004,664579,1
C++,10000000,1,superseded,5,2,13.6755,664579,1
C++,10000000,1,superseded,5,3,10.7595,664579,1
C++,10000000,1,superseded,5,4,11.0521,664579,1
C++,10000000,1,superseded,5,5,11.5414,664579,1
C++,10000000,1,superseded,5,6,10.4919,664579,1
C++,10000000,1,superseded,5,7,9.09767,664579,1
C++,10000000,1,superseded,5,8,10.6551,664579,1
C++,10000000,1,superseded,5,9,10.3606,664579,1
C++,10000000,1,superseded,5,10,11.6845,664579,1
C++,100000,2,final,20,1,0.055542,9592,1
C++,100000,2,final,20,2,0.055292,9592,1
C++,100000,2,final,20,3,0.055125,9592,1
C++,100000,2,final,20,4,0.054833,9592,1
C++,100000,2,final,20,5,0.054792,9592,1
C++,100000,2,final,20,6,0.054916,9592,1
C++,100000,2,final,20,7,0.054875,9592,1
C++,100000,2,final,20,8,0.054792,9592,1
C++,100000,2,final,20,9,0.054709,9592,1
C++,100000,2,final,20,10,0.054834,9592,1
C++,1000000,2,final,20,1,0.882792,78498,1
C++,1000000,2,final,20,2,0.835875,78498,1
C++,1000000,2,final,20,3,0.83425,78498,1
C++,1000000,2,final,20,4,0.83475,78498,1
C++,1000000,2,final,20,5,0.834583,78498,1
C++,1000000,2,final,20,6,0.945792,78498,1
C++,1000000,2,final,20,7,0.835208,78498,1
C++,1000000,2,final,20,8,0.834042,78498,1
C++,1000000,2,final,20,9,0.835625,78498,1
C++,1000000,2,final,20,10,0.833625,78498,1
C++,10000000,2,final,20,1,9.58346,664579,1
C++,10000000,2,final,20,2,9.4025,664579,1
C++,10000000,2,final,20,3,9.76779,664579,1
C++,10000000,2,final,20,4,10.0928,664579,1
C++,10000000,2,final,20,5,9.65717,664579,1
C++,10000000,2,final,20,6,9.28446,664579,1
C++,10000000,2,final,20,7,9.31129,664579,1
C++,10000000,2,final,20,8,9.2745,664579,1
C++,10000000,2,final,20,9,9.35879,664579,1
C++,10000000,2,final,20,10,9.24383,664579,1
Python,100000,1,superseded,5,1,8.371125,9592,1
Python,100000,1,superseded,5,2,8.385667,9592,1
Python,100000,1,superseded,5,3,8.385917,9592,1
Python,100000,1,superseded,5,4,8.390542,9592,1
Python,100000,1,superseded,5,5,8.358291,9592,1
Python,100000,1,superseded,5,6,8.368459,9592,1
Python,100000,1,superseded,5,7,8.478959,9592,1
Python,100000,1,superseded,5,8,8.455916,9592,1
Python,100000,1,superseded,5,9,8.549958,9592,1
Python,100000,1,superseded,5,10,8.393541,9592,1
Python,1000000,1,superseded,5,1,90.922500,78498,1
Python,1000000,1,superseded,5,2,89.770208,78498,1
Python,1000000,1,superseded,5,3,90.073708,78498,1
Python,1000000,1,superseded,5,4,89.584833,78498,1
Python,1000000,1,superseded,5,5,89.444083,78498,1
Python,1000000,1,superseded,5,6,90.324542,78498,1
Python,1000000,1,superseded,5,7,89.928708,78498,1
Python,1000000,1,superseded,5,8,90.417792,78498,1
Python,1000000,1,superseded,5,9,90.249250,78498,1
Python,1000000,1,superseded,5,10,89.867000,78498,1
Python,10000000,1,superseded,5,1,948.981709,664579,1
Python,10000000,1,superseded,5,2,957.415625,664579,1
Python,10000000,1,superseded,5,3,948.269167,664579,1
Python,10000000,1,superseded,5,4,946.679167,664579,1
Python,10000000,1,superseded,5,5,953.789875,664579,1
Python,10000000,1,superseded,5,6,949.022542,664579,1
Python,10000000,1,superseded,5,7,953.790500,664579,1
Python,10000000,1,superseded,5,8,955.243125,664579,1
Python,10000000,1,superseded,5,9,949.752792,664579,1
Python,10000000,1,superseded,5,10,946.575125,664579,1
Python,100000,2,final,20,1,8.445750,9592,1
Python,100000,2,final,20,2,8.426334,9592,1
Python,100000,2,final,20,3,8.431833,9592,1
Python,100000,2,final,20,4,8.504167,9592,1
Python,100000,2,final,20,5,8.442417,9592,1
Python,100000,2,final,20,6,8.526041,9592,1
Python,100000,2,final,20,7,8.868459,9592,1
Python,100000,2,final,20,8,8.463542,9592,1
Python,100000,2,final,20,9,8.607666,9592,1
Python,100000,2,final,20,10,8.512708,9592,1
Python,1000000,2,final,20,1,90.594833,78498,1
Python,1000000,2,final,20,2,91.076792,78498,1
Python,1000000,2,final,20,3,90.477917,78498,1
Python,1000000,2,final,20,4,90.638125,78498,1
Python,1000000,2,final,20,5,90.805083,78498,1
Python,1000000,2,final,20,6,90.757708,78498,1
Python,1000000,2,final,20,7,90.369667,78498,1
Python,1000000,2,final,20,8,91.224583,78498,1
Python,1000000,2,final,20,9,91.466375,78498,1
Python,1000000,2,final,20,10,90.721709,78498,1
Python,10000000,2,final,20,1,956.678917,664579,1
Python,10000000,2,final,20,2,955.642416,664579,1
Python,10000000,2,final,20,3,954.202000,664579,1
Python,10000000,2,final,20,4,958.150709,664579,1
Python,10000000,2,final,20,5,952.537666,664579,1
Python,10000000,2,final,20,6,954.057458,664579,1
Python,10000000,2,final,20,7,948.233875,664579,1
Python,10000000,2,final,20,8,949.492375,664579,1
Python,10000000,2,final,20,9,949.057792,664579,1
Python,10000000,2,final,20,10,953.006125,664579,1
Julia,100000,1,superseded,5,1,0.08175,9592,1
Julia,100000,1,superseded,5,2,0.081375,9592,1
Julia,100000,1,superseded,5,3,0.081708,9592,1
Julia,100000,1,superseded,5,4,0.08225,9592,1
Julia,100000,1,superseded,5,5,0.139917,9592,1
Julia,100000,1,superseded,5,6,0.080208,9592,1
Julia,100000,1,superseded,5,7,0.0815,9592,1
Julia,100000,1,superseded,5,8,0.083084,9592,1
Julia,100000,1,superseded,5,9,0.082333,9592,1
Julia,100000,1,superseded,5,10,0.080916,9592,1
Julia,1000000,1,superseded,5,1,0.994791,78498,1
Julia,1000000,1,superseded,5,2,1.005458,78498,1
Julia,1000000,1,superseded,5,3,0.992,78498,1
Julia,1000000,1,superseded,5,4,0.992,78498,1
Julia,1000000,1,superseded,5,5,1.02275,78498,1
Julia,1000000,1,superseded,5,6,1.029583,78498,1
Julia,1000000,1,superseded,5,7,0.971542,78498,1
Julia,1000000,1,superseded,5,8,0.962792,78498,1
Julia,1000000,1,superseded,5,9,0.969583,78498,1
Julia,1000000,1,superseded,5,10,0.982583,78498,1
Julia,10000000,1,superseded,5,1,11.012959,664579,1
Julia,10000000,1,superseded,5,2,12.899917,664579,1
Julia,10000000,1,superseded,5,3,11.006291,664579,1
Julia,10000000,1,superseded,5,4,10.950875,664579,1
Julia,10000000,1,superseded,5,5,10.758792,664579,1
Julia,10000000,1,superseded,5,6,11.059,664579,1
Julia,10000000,1,superseded,5,7,11.02075,664579,1
Julia,10000000,1,superseded,5,8,10.950291,664579,1
Julia,10000000,1,superseded,5,9,11.441834,664579,1
Julia,10000000,1,superseded,5,10,10.983417,664579,1
Julia,100000,2,final,20,1,0.08075,9592,1
Julia,100000,2,final,20,2,0.081708,9592,1
Julia,100000,2,final,20,3,0.081417,9592,1
Julia,100000,2,final,20,4,0.080416,9592,1
Julia,100000,2,final,20,5,0.080792,9592,1
Julia,100000,2,final,20,6,0.090958,9592,1
Julia,100000,2,final,20,7,0.081208,9592,1
Julia,100000,2,final,20,8,0.079625,9592,1
Julia,100000,2,final,20,9,0.079583,9592,1
Julia,100000,2,final,20,10,0.082834,9592,1
Julia,1000000,2,final,20,1,1.132584,78498,1
Julia,1000000,2,final,20,2,1.079416,78498,1
Julia,1000000,2,final,20,3,1.024792,78498,1
Julia,1000000,2,final,20,4,1.021917,78498,1
Julia,1000000,2,final,20,5,1.015375,78498,1
Julia,1000000,2,final,20,6,1.071208,78498,1
Julia,1000000,2,final,20,7,1.209917,78498,1
Julia,1000000,2,final,20,8,1.034208,78498,1
Julia,1000000,2,final,20,9,1.046125,78498,1
Julia,1000000,2,final,20,10,1.074375,78498,1
Julia,10000000,2,final,20,1,11.38225,664579,1
Julia,10000000,2,final,20,2,11.202333,664579,1
Julia,10000000,2,final,20,3,11.138208,664579,1
Julia,10000000,2,final,20,4,11.621292,664579,1
Julia,10000000,2,final,20,5,11.184417,664579,1
Julia,10000000,2,final,20,6,11.420958,664579,1
Julia,10000000,2,final,20,7,11.668458,664579,1
Julia,10000000,2,final,20,8,11.458791,664579,1
Julia,10000000,2,final,20,9,11.414542,664579,1
Julia,10000000,2,final,20,10,12.013792,664579,1
Java,100000,1,superseded,5,1,0.194916,9592,1
Java,100000,1,superseded,5,2,0.196,9592,1
Java,100000,1,superseded,5,3,0.195625,9592,1
Java,100000,1,superseded,5,4,0.197125,9592,1
Java,100000,1,superseded,5,5,0.193959,9592,1
Java,100000,1,superseded,5,6,0.206709,9592,1
Java,100000,1,superseded,5,7,0.196209,9592,1
Java,100000,1,superseded,5,8,0.195959,9592,1
Java,100000,1,superseded,5,9,0.197708,9592,1
Java,100000,1,superseded,5,10,0.195958,9592,1
Java,1000000,1,superseded,5,1,2.217041,78498,1
Java,1000000,1,superseded,5,2,2.135709,78498,1
Java,1000000,1,superseded,5,3,2.129209,78498,1
Java,1000000,1,superseded,5,4,3.076875,78498,1
Java,1000000,1,superseded,5,5,2.225083,78498,1
Java,1000000,1,superseded,5,6,2.1375,78498,1
Java,1000000,1,superseded,5,7,2.1315,78498,1
Java,1000000,1,superseded,5,8,2.13625,78498,1
Java,1000000,1,superseded,5,9,2.152458,78498,1
Java,1000000,1,superseded,5,10,2.139833,78498,1
Java,10000000,1,superseded,5,1,23.169584,664579,1
Java,10000000,1,superseded,5,2,23.600583,664579,1
Java,10000000,1,superseded,5,3,23.367542,664579,1
Java,10000000,1,superseded,5,4,24.308458,664579,1
Java,10000000,1,superseded,5,5,23.130625,664579,1
Java,10000000,1,superseded,5,6,23.740834,664579,1
Java,10000000,1,superseded,5,7,23.02875,664579,1
Java,10000000,1,superseded,5,8,23.644958,664579,1
Java,10000000,1,superseded,5,9,23.582042,664579,1
Java,10000000,1,superseded,5,10,23.572709,664579,1
Java,100000,2,final,20,1,0.591333,9592,1
Java,100000,2,final,20,2,0.190208,9592,1
Java,100000,2,final,20,3,0.189375,9592,1
Java,100000,2,final,20,4,0.189583,9592,1
Java,100000,2,final,20,5,0.189125,9592,1
Java,100000,2,final,20,6,0.189334,9592,1
Java,100000,2,final,20,7,0.19,9592,1
Java,100000,2,final,20,8,0.189167,9592,1
Java,100000,2,final,20,9,0.189292,9592,1
Java,100000,2,final,20,10,0.1965,9592,1
Java,1000000,2,final,20,1,2.317667,78498,1
Java,1000000,2,final,20,2,2.190417,78498,1
Java,1000000,2,final,20,3,2.219792,78498,1
Java,1000000,2,final,20,4,2.214791,78498,1
Java,1000000,2,final,20,5,2.234292,78498,1
Java,1000000,2,final,20,6,2.198167,78498,1
Java,1000000,2,final,20,7,2.208375,78498,1
Java,1000000,2,final,20,8,2.199459,78498,1
Java,1000000,2,final,20,9,2.231667,78498,1
Java,1000000,2,final,20,10,2.186875,78498,1
Java,10000000,2,final,20,1,24.122875,664579,1
Java,10000000,2,final,20,2,23.132167,664579,1
Java,10000000,2,final,20,3,23.714041,664579,1
Java,10000000,2,final,20,4,23.295,664579,1
Java,10000000,2,final,20,5,23.713,664579,1
Java,10000000,2,final,20,6,23.222208,664579,1
Java,10000000,2,final,20,7,23.387375,664579,1
Java,10000000,2,final,20,8,23.174417,664579,1
Java,10000000,2,final,20,9,23.625834,664579,1
Java,10000000,2,final,20,10,23.126709,664579,1
Rust,100000,1,superseded,5,1,0.151667,9592,1
Rust,100000,1,superseded,5,2,0.151791,9592,1
Rust,100000,1,superseded,5,3,0.151833,9592,1
Rust,100000,1,superseded,5,4,0.151625,9592,1
Rust,100000,1,superseded,5,5,0.151833,9592,1
Rust,100000,1,superseded,5,6,0.15154099999999998,9592,1
Rust,100000,1,superseded,5,7,0.15175,9592,1
Rust,100000,1,superseded,5,8,0.151625,9592,1
Rust,100000,1,superseded,5,9,0.1515,9592,1
Rust,100000,1,superseded,5,10,0.15170799999999998,9592,1
Rust,1000000,1,superseded,5,1,1.708541,78498,1
Rust,1000000,1,superseded,5,2,1.690292,78498,1
Rust,1000000,1,superseded,5,3,1.678375,78498,1
Rust,1000000,1,superseded,5,4,1.6212920000000002,78498,1
Rust,1000000,1,superseded,5,5,1.5150000000000001,78498,1
Rust,1000000,1,superseded,5,6,1.555,78498,1
Rust,1000000,1,superseded,5,7,1.527458,78498,1
Rust,1000000,1,superseded,5,8,1.514667,78498,1
Rust,1000000,1,superseded,5,9,1.5147089999999999,78498,1
Rust,1000000,1,superseded,5,10,1.5165,78498,1
Rust,10000000,1,superseded,5,1,13.489125,664579,1
Rust,10000000,1,superseded,5,2,13.398708000000001,664579,1
Rust,10000000,1,superseded,5,3,13.724333,664579,1
Rust,10000000,1,superseded,5,4,13.39,664579,1
Rust,10000000,1,superseded,5,5,13.811957999999999,664579,1
Rust,10000000,1,superseded,5,6,13.702,664579,1
Rust,10000000,1,superseded,5,7,13.321167,664579,1
Rust,10000000,1,superseded,5,8,13.363125,664579,1
Rust,10000000,1,superseded,5,9,13.300416,664579,1
Rust,10000000,1,superseded,5,10,13.361833,664579,1
Rust,100000,2,final,20,1,0.151833,9592,1
Rust,100000,2,final,20,2,0.15187499999999998,9592,1
Rust,100000,2,final,20,3,0.15175,9592,1
Rust,100000,2,final,20,4,0.151709,9592,1
Rust,100000,2,final,20,5,0.151584,9592,1
Rust,100000,2,final,20,6,0.151667,9592,1
Rust,100000,2,final,20,7,0.151791,9592,1
Rust,100000,2,final,20,8,0.161833,9592,1
Rust,100000,2,final,20,9,0.152542,9592,1
Rust,100000,2,final,20,10,0.151833,9592,1
Rust,1000000,2,final,20,1,1.407375,78498,1
Rust,1000000,2,final,20,2,1.39,78498,1
Rust,1000000,2,final,20,3,1.384959,78498,1
Rust,1000000,2,final,20,4,1.386667,78498,1
Rust,1000000,2,final,20,5,1.3439999999999999,78498,1
Rust,1000000,2,final,20,6,1.2791670000000002,78498,1
Rust,1000000,2,final,20,7,1.295041,78498,1
Rust,1000000,2,final,20,8,1.279917,78498,1
Rust,1000000,2,final,20,9,1.276459,78498,1
Rust,1000000,2,final,20,10,1.278209,78498,1
Rust,10000000,2,final,20,1,13.43275,664579,1
Rust,10000000,2,final,20,2,13.441875000000001,664579,1
Rust,10000000,2,final,20,3,13.466041,664579,1
Rust,10000000,2,final,20,4,13.853917000000001,664579,1
Rust,10000000,2,final,20,5,13.435708,664579,1
Rust,10000000,2,final,20,6,13.646833,664579,1
Rust,10000000,2,final,20,7,14.024083,664579,1
Rust,10000000,2,final,20,8,14.11475,664579,1
Rust,10000000,2,final,20,9,13.860458000000001,664579,1
Rust,10000000,2,final,20,10,13.428749999999999,664579,1
