language,N,block,warmup_calls,run,elapsed_ms,prime_count,batch_size
Java,100000,2,20,1,0.591333,9592,1
Java,100000,2,20,2,0.190208,9592,1
Java,100000,2,20,3,0.189375,9592,1
Java,100000,2,20,4,0.189583,9592,1
Java,100000,2,20,5,0.189125,9592,1
Java,100000,2,20,6,0.189334,9592,1
Java,100000,2,20,7,0.19,9592,1
Java,100000,2,20,8,0.189167,9592,1
Java,100000,2,20,9,0.189292,9592,1
Java,100000,2,20,10,0.1965,9592,1
Java,1000000,2,20,1,2.317667,78498,1
Java,1000000,2,20,2,2.190417,78498,1
Java,1000000,2,20,3,2.219792,78498,1
Java,1000000,2,20,4,2.214791,78498,1
Java,1000000,2,20,5,2.234292,78498,1
Java,1000000,2,20,6,2.198167,78498,1
Java,1000000,2,20,7,2.208375,78498,1
Java,1000000,2,20,8,2.199459,78498,1
Java,1000000,2,20,9,2.231667,78498,1
Java,1000000,2,20,10,2.186875,78498,1
Java,10000000,2,20,1,24.122875,664579,1
Java,10000000,2,20,2,23.132167,664579,1
Java,10000000,2,20,3,23.714041,664579,1
Java,10000000,2,20,4,23.295,664579,1
Java,10000000,2,20,5,23.713,664579,1
Java,10000000,2,20,6,23.222208,664579,1
Java,10000000,2,20,7,23.387375,664579,1
Java,10000000,2,20,8,23.174417,664579,1
Java,10000000,2,20,9,23.625834,664579,1
Java,10000000,2,20,10,23.126709,664579,1
