language,N,block,warmup_calls,run,elapsed_ms,prime_count,batch_size
Python,100000,1,5,1,8.371125,9592,1
Python,100000,1,5,2,8.385667,9592,1
Python,100000,1,5,3,8.385917,9592,1
Python,100000,1,5,4,8.390542,9592,1
Python,100000,1,5,5,8.358291,9592,1
Python,100000,1,5,6,8.368459,9592,1
Python,100000,1,5,7,8.478959,9592,1
Python,100000,1,5,8,8.455916,9592,1
Python,100000,1,5,9,8.549958,9592,1
Python,100000,1,5,10,8.393541,9592,1
Python,1000000,1,5,1,90.922500,78498,1
Python,1000000,1,5,2,89.770208,78498,1
Python,1000000,1,5,3,90.073708,78498,1
Python,1000000,1,5,4,89.584833,78498,1
Python,1000000,1,5,5,89.444083,78498,1
Python,1000000,1,5,6,90.324542,78498,1
Python,1000000,1,5,7,89.928708,78498,1
Python,1000000,1,5,8,90.417792,78498,1
Python,1000000,1,5,9,90.249250,78498,1
Python,1000000,1,5,10,89.867000,78498,1
Python,10000000,1,5,1,948.981709,664579,1
Python,10000000,1,5,2,957.415625,664579,1
Python,10000000,1,5,3,948.269167,664579,1
Python,10000000,1,5,4,946.679167,664579,1
Python,10000000,1,5,5,953.789875,664579,1
Python,10000000,1,5,6,949.022542,664579,1
Python,10000000,1,5,7,953.790500,664579,1
Python,10000000,1,5,8,955.243125,664579,1
Python,10000000,1,5,9,949.752792,664579,1
Python,10000000,1,5,10,946.575125,664579,1
