language,N,median_ms,min_ms,max_ms,pi_N,slowdown,block1_median_ms
C++,100000,0.0548545,0.054709,0.055542,9592,1.0,0.0379585
Python,100000,8.4838545,8.426334,8.868459,9592,154.6610487744852,8.3882295
Julia,100000,0.081,0.079583,0.090958,9592,1.4766336399019224,0.081729
Java,100000,0.189479,0.189125,0.591333,9592,3.454210684629338,0.1959795
Rust,100000,0.151812,0.151584,0.161833,9592,2.7675395819850697,0.15168749999999998
C++,1000000,0.8349789999999999,0.833625,0.945792,78498,1.0,0.7159795
Python,1000000,90.7397085,90.369667,91.466375,78498,108.6730426753248,90.00120799999999
Julia,1000000,1.0586665,1.015375,1.209917,78498,1.2678959590600483,0.992
Java,1000000,2.211583,2.186875,2.317667,78498,2.6486690084421287,2.1386665000000002
Rust,1000000,1.3195204999999999,1.276459,1.407375,78498,1.5803038160241156,1.541229
C++,10000000,9.380645000000001,9.24383,10.0928,664579,1.0,10.9058
Python,10000000,953.5317915,948.233875,958.150709,664579,101.64885159815769,949.387667
Julia,10000000,11.417750000000002,11.138208,12.013792,664579,1.2171604404601177,11.009625
Java,10000000,23.3411875,23.126709,24.122875,664579,2.488228421393198,23.577375500000002
Rust,10000000,13.556437,13.428749999999999,14.11475,664579,1.4451497738161927,13.394354
